category_slug,subcategory_slug,text,difficulty,explanation,law_name,law_article,source_url,law_version_date,is_prime,option_a,option_b,option_c,option_d,correct_option
administrative,normative-acts,"საქართველოს ორგანული კანონის „ნორმატიული აქტების შესახებ“ მიხედვით, რა საკითხს აწესრიგებს ეს კანონი?",easy,"სწორი პასუხია A, რადგან საქართველოს ორგანული კანონის „ნორმატიული აქტების შესახებ“ მუხლი 1 განსაზღვრავს ნორმატიული აქტების სახეებს, იერარქიას, მომზადების, მიღების, გამოქვეყნების, მოქმედების, აღრიცხვისა და სისტემატიზაციის ზოგად წესებს.",საქართველოს ორგანული კანონი „ნორმატიული აქტების შესახებ“,მუხლი 1,,2026-06-12,false,ნორმატიული აქტების სისტემის ზოგად წესებს,მხოლოდ კერძო ხელშეკრულებების დადების წესს,მხოლოდ სასამართლო გადაწყვეტილებების გასაჩივრებას,მხოლოდ ადმინისტრაციული სახდელების დანიშვნას,A
administrative,normative-acts,"საქართველოს ორგანული კანონის „ნორმატიული აქტების შესახებ“ მიხედვით, რა წესით რეგულირდება საერთაშორისო ხელშეკრულების მომზადება და რატიფიცირება?",medium,"სწორი პასუხია C, რადგან მუხლი 1 მიუთითებს, რომ საერთაშორისო ხელშეკრულების მომზადების, დადების, რატიფიცირების, გამოქვეყნების, შესრულების, დენონსირებისა და გაუქმების წესი განისაზღვრება კონსტიტუციით, ამ კანონით, სპეციალური კანონითა და პარლამენტის რეგლამენტით.",საქართველოს ორგანული კანონი „ნორმატიული აქტების შესახებ“,მუხლი 1,,2026-06-12,false,მხოლოდ მთავრობის დადგენილებით,მხოლოდ იუსტიციის მინისტრის ბრძანებით,"კონსტიტუციით, ამ კანონით, სპეციალური კანონითა და რეგლამენტით",მხოლოდ მუნიციპალიტეტის წარმომადგენლობითი ორგანოს აქტით,C
administrative,normative-acts,"საქართველოს ორგანული კანონის „ნორმატიული აქტების შესახებ“ მიხედვით, რა არის სამართლებრივი აქტი?",easy,"სწორი პასუხია B, რადგან მუხლი 2 სამართლებრივ აქტს განსაზღვრავს როგორც უფლებამოსილი სახელმწიფო ან მუნიციპალიტეტის ორგანოს მიერ დადგენილი წესით მიღებულ, შესასრულებლად სავალდებულო აქტს.",საქართველოს ორგანული კანონი „ნორმატიული აქტების შესახებ“,მუხლი 2,,2026-06-12,false,მხოლოდ კერძო პირის წერილობითი შეთანხმება,უფლებამოსილი ორგანოს მიერ დადგენილი წესით მიღებული სავალდებულო აქტი,მხოლოდ სასამართლოს მიერ მიღებული განაჩენი,მხოლოდ პოლიტიკური პარტიის შიდა წესდება,B
administrative,normative-acts,"საქართველოს ორგანული კანონის „ნორმატიული აქტების შესახებ“ მიხედვით, რომელი ორი სახის სამართლებრივი აქტი არსებობს?",easy,"სწორი პასუხია D, რადგან მუხლი 2 ადგენს, რომ სამართლებრივი აქტის სახეებია ნორმატიული აქტი და ინდივიდუალური აქტი.",საქართველოს ორგანული კანონი „ნორმატიული აქტების შესახებ“,მუხლი 2,,2026-06-12,false,საჯარო აქტი და კერძო აქტი,ადგილობრივი აქტი და საერთაშორისო აქტი,დროებითი აქტი და საბოლოო აქტი,ნორმატიული აქტი და ინდივიდუალური აქტი,D
administrative,normative-acts,"საქართველოს ორგანული კანონის „ნორმატიული აქტების შესახებ“ მიხედვით, რით ხასიათდება ნორმატიული აქტი?",medium,"სწორი პასუხია A, რადგან მუხლი 2 ნორმატიულ აქტს უკავშირებს მუდმივი ან დროებითი და მრავალჯერადი გამოყენების ქცევის ზოგად წესს.",საქართველოს ორგანული კანონი „ნორმატიული აქტების შესახებ“,მუხლი 2,,2026-06-12,false,შეიცავს მრავალჯერადი გამოყენების ქცევის ზოგად წესს,ყოველთვის ეხება მხოლოდ ერთ კონკრეტულ პირს,არ არის სავალდებულო შესასრულებლად,მიიღება მხოლოდ ზეპირი მითითებით,A
administrative,normative-acts,"საქართველოს ორგანული კანონის „ნორმატიული აქტების შესახებ“ მიხედვით, რა მოთხოვნას უნდა აკმაყოფილებდეს ინდივიდუალური სამართლებრივი აქტი?",medium,"სწორი პასუხია C, რადგან მუხლი 2 ადგენს, რომ ინდივიდუალური სამართლებრივი აქტი ერთჯერადია, უნდა შეესაბამებოდეს ნორმატიულ აქტს და მიიღება მხოლოდ მის საფუძველზე და მის ფარგლებში.",საქართველოს ორგანული კანონი „ნორმატიული აქტების შესახებ“,მუხლი 2,,2026-06-12,false,უნდა შეიცავდეს ზოგად და მრავალჯერად წესს,შეიძლება მიიღებოდეს ნორმატიული აქტის გარეშე,უნდა შეესაბამებოდეს ნორმატიულ აქტს და მის ფარგლებში მიიღებოდეს,ყოველთვის უნდა იყოს კონსტიტუციური კანონის ფორმით,C
administrative,normative-acts,"საქართველოს ორგანული კანონის „ნორმატიული აქტების შესახებ“ მიხედვით, რა არის კოდექსი?",easy,"სწორი პასუხია B, რადგან მუხლი 2 კოდექსს განსაზღვრავს როგორც განსაზღვრული საზოგადოებრივი ურთიერთობების მომწესრიგებელ სამართლებრივ ნორმათა სისტემატიზებულ ნორმატიულ აქტს.",საქართველოს ორგანული კანონი „ნორმატიული აქტების შესახებ“,მუხლი 2,,2026-06-12,false,მხოლოდ სასამართლოს მიერ გამოცემული ინდივიდუალური აქტი,საზოგადოებრივი ურთიერთობების მომწესრიგებელ ნორმათა სისტემატიზებული ნორმატიული აქტი,მხოლოდ ადმინისტრაციული ორგანოს შიდა ინსტრუქცია,საერთაშორისო ხელშეკრულების არაოფიციალური თარგმანი,B
administrative,normative-acts,"საქართველოს ორგანული კანონის „ნორმატიული აქტების შესახებ“ მიხედვით, რა ტერიტორიაზე მოქმედებს საქართველოს ნორმატიული აქტი, თუ თავად აქტით სხვა რამ არ არის დადგენილი?",easy,"სწორი პასუხია D, რადგან მუხლი 3 ადგენს, რომ საქართველოს ნორმატიული აქტი მოქმედებს საქართველოს მთელ ტერიტორიაზე, თუ თვით აქტით სხვა რამ არ არის დადგენილი.",საქართველოს ორგანული კანონი „ნორმატიული აქტების შესახებ“,მუხლი 3,,2026-06-12,false,მხოლოდ აქტის გამომცემი ორგანოს შენობაში,მხოლოდ ერთი მუნიციპალიტეტის საზღვრებში,მხოლოდ ავტონომიური რესპუბლიკის ტერიტორიაზე,საქართველოს მთელ ტერიტორიაზე,D
administrative,normative-acts,"საქართველოს ორგანული კანონის „ნორმატიული აქტების შესახებ“ მიხედვით, რა ფარგლებში მოქმედებს მუნიციპალიტეტის წარმომადგენლობითი ორგანოს ნორმატიული აქტი?",medium,"სწორი პასუხია A, რადგან მუხლი 3 ადგენს, რომ მუნიციპალიტეტის წარმომადგენლობითი ორგანოს ნორმატიული აქტი მოქმედებს მუნიციპალიტეტის ადმინისტრაციულ საზღვრებში, გარდა კანონით განსაზღვრული შემთხვევებისა.",საქართველოს ორგანული კანონი „ნორმატიული აქტების შესახებ“,მუხლი 3,,2026-06-12,false,მუნიციპალიტეტის ადმინისტრაციულ საზღვრებში,საქართველოს მთელ ტერიტორიაზე ყოველგვარი გამონაკლისის გარეშე,მხოლოდ ავტონომიური რესპუბლიკის მთელ ტერიტორიაზე,მხოლოდ საერთაშორისო ხელშეკრულებით განსაზღვრულ ტერიტორიაზე,A
administrative,normative-acts,"საქართველოს ორგანული კანონის „ნორმატიული აქტების შესახებ“ მიხედვით, რა ენაზე უნდა მომზადდეს, გამოიცეს და გამოქვეყნდეს ნორმატიული აქტი?",easy,"სწორი პასუხია C, რადგან მუხლი 4 ადგენს, რომ ნორმატიული აქტი უნდა მომზადდეს, გამოიცეს და გამოქვეყნდეს ქართულ ენაზე, ხოლო აფხაზეთის ავტონომიური რესპუბლიკის შესაბამისი აქტები აგრეთვე აფხაზურ ენაზე.",საქართველოს ორგანული კანონი „ნორმატიული აქტების შესახებ“,მუხლი 4,,2026-06-12,false,მხოლოდ ინგლისურ ენაზე,"მხოლოდ იმ ენაზე, რომელსაც გამომცემი ორგანო აირჩევს","ქართულ ენაზე, ხოლო შესაბამის შემთხვევაში აგრეთვე აფხაზურ ენაზე",მხოლოდ არასახელმწიფო ენაზე ოფიციალური ძალით,C
administrative,normative-acts,"საქართველოს ორგანული კანონის „ნორმატიული აქტების შესახებ“ მიხედვით, აქვს თუ არა ოფიციალური ძალა ნორმატიული აქტის არასახელმწიფო ენაზე გამოქვეყნებულ ტექსტს?",easy,"სწორი პასუხია B, რადგან მუხლი 4 ადგენს, რომ ნორმატიული აქტი შეიძლება გამოქვეყნდეს არასახელმწიფო ენაზედაც, მაგრამ ასეთ ტექსტს ოფიციალური ძალა არა აქვს.",საქართველოს ორგანული კანონი „ნორმატიული აქტების შესახებ“,მუხლი 4,,2026-06-12,false,"აქვს იგივე ოფიციალური ძალა, რაც ქართულ ტექსტს",ოფიციალური ძალა არა აქვს,ოფიციალური ძალა აქვს მხოლოდ სასამართლოში,ოფიციალური ძალა აქვს მხოლოდ მუნიციპალიტეტში,B
administrative,normative-acts,"საქართველოს ორგანული კანონის „ნორმატიული აქტების შესახებ“ მიხედვით, როდის გამოიყენება კანონის ანალოგია კერძოსამართლებრივ ურთიერთობაში?",medium,"სწორი პასუხია D, რადგან მუხლი 5 ადგენს, რომ კანონით პირდაპირ გაუთვალისწინებელი კერძოსამართლებრივი ურთიერთობის მოსაწესრიგებლად გამოიყენება ყველაზე უფრო მსგავსი ურთიერთობის მარეგულირებელი ნორმა.",საქართველოს ორგანული კანონი „ნორმატიული აქტების შესახებ“,მუხლი 5,,2026-06-12,false,"ყოველთვის, როცა მხარეები ზეპირად შეთანხმდებიან",მხოლოდ სისხლისსამართლებრივ პასუხისმგებლობაზე,მხოლოდ საჯარო ორგანოს შიდა დებულებაზე,როცა ურთიერთობა კანონით პირდაპირ არ არის გათვალისწინებული,D
administrative,normative-acts,"საქართველოს ორგანული კანონის „ნორმატიული აქტების შესახებ“ მიხედვით, როგორ გამოიყენება კანონის ანალოგია საჯაროსამართლებრივ ურთიერთობებში?",hard,"სწორი პასუხია A, რადგან მუხლი 5 ადგენს, რომ საჯაროსამართლებრივ ურთიერთობებში კანონის ანალოგია გამოიყენება მხოლოდ კანონით პირდაპირ გათვალისწინებულ შემთხვევებში და დადგენილი წესით.",საქართველოს ორგანული კანონი „ნორმატიული აქტების შესახებ“,მუხლი 5,,2026-06-12,false,მხოლოდ კანონით პირდაპირ გათვალისწინებულ შემთხვევებში და დადგენილი წესით,"ყოველთვის, როცა ადმინისტრაციულ ორგანოს ეს მიზანშეწონილად მიაჩნია","არასოდეს, თუნდაც კანონი პირდაპირ ითვალისწინებდეს",მხოლოდ კერძო პირის წერილობითი თანხმობით,A
administrative,normative-acts,"საქართველოს ორგანული კანონის „ნორმატიული აქტების შესახებ“ მიხედვით, შეიძლება თუ არა სპეციალური საგამონაკლისო ნორმების ანალოგიით გამოყენება?",medium,"სწორი პასუხია C, რადგან მუხლი 5 პირდაპირ ადგენს, რომ სპეციალური საგამონაკლისო ნორმები არ შეიძლება გამოყენებულ იქნეს ანალოგიით.",საქართველოს ორგანული კანონი „ნორმატიული აქტების შესახებ“,მუხლი 5,,2026-06-12,false,შეიძლება ყველა საჯარო ურთიერთობაში,შეიძლება მხოლოდ მთავრობის თანხმობით,არ შეიძლება გამოყენებულ იქნეს ანალოგიით,შეიძლება მხოლოდ კერძო ხელშეკრულებებში,C
administrative,normative-acts,"საქართველოს ორგანული კანონის „ნორმატიული აქტების შესახებ“ მიხედვით, როგორ ითვლება ამ კანონში მითითებული ვადები, გარდა სპეციალურად გამონაკლისი ვადებისა?",medium,"სწორი პასუხია B, რადგან მუხლი 6 ადგენს, რომ ამ კანონში მითითებული ვადების ათვლისას არ ჩაითვლება კანონმდებლობით დადგენილი უქმე და დასვენების დღეები, გარდა მითითებული გამონაკლისებისა.",საქართველოს ორგანული კანონი „ნორმატიული აქტების შესახებ“,მუხლი 6,,2026-06-12,false,ითვლება ყველა კალენდარული დღე გამონაკლისის გარეშე,არ ჩაითვლება უქმე და დასვენების დღეები,ითვლება მხოლოდ უქმე დღეები,ვადები ითვლება მხოლოდ სასამართლოს ბრძანებით,B
administrative,normative-acts,"საქართველოს ორგანული კანონის „ნორმატიული აქტების შესახებ“ მიხედვით, როგორ იყოფა საქართველოს ნორმატიული აქტები?",easy,"სწორი პასუხია D, რადგან მუხლი 7 ადგენს, რომ საქართველოს ნორმატიული აქტები იყოფა საქართველოს საკანონმდებლო და საქართველოს კანონქვემდებარე ნორმატიულ აქტებად.",საქართველოს ორგანული კანონი „ნორმატიული აქტების შესახებ“,მუხლი 7,,2026-06-12,false,მხოლოდ სახელმწიფო და კერძო აქტებად,მხოლოდ ზეპირ და წერილობით აქტებად,მხოლოდ დროებით და მუდმივ აქტებად,საკანონმდებლო და კანონქვემდებარე ნორმატიულ აქტებად,D
administrative,normative-acts,"საქართველოს ორგანული კანონის „ნორმატიული აქტების შესახებ“ მიხედვით, რომელი აქტია საკანონმდებლო აქტების იერარქიის უმაღლეს საფეხურზე?",easy,"სწორი პასუხია A, რადგან მუხლი 7 საქართველოს საკანონმდებლო აქტების იერარქიის პირველ საფეხურზე ასახელებს საქართველოს კონსტიტუციას და საქართველოს კონსტიტუციურ კანონს.",საქართველოს ორგანული კანონი „ნორმატიული აქტების შესახებ“,მუხლი 7,,2026-06-12,false,საქართველოს კონსტიტუცია და საქართველოს კონსტიტუციური კანონი,საქართველოს მინისტრის ბრძანება,მუნიციპალიტეტის საკრებულოს დადგენილება,საჯარო სამართლის იურიდიული პირის შიდა ბრძანება,A
administrative,normative-acts,"საქართველოს ორგანული კანონის „ნორმატიული აქტების შესახებ“ მიხედვით, რომელ აქტებს განეკუთვნება საქართველოს საკანონმდებლო აქტები?",medium,"სწორი პასუხია C, რადგან მუხლი 7 საკანონმდებლო აქტებად ასახელებს კონსტიტუციასა და კონსტიტუციურ კანონს, ორგანულ კანონსა და პრეზიდენტის დეკრეტს, კანონსა და პარლამენტის რეგლამენტს.",საქართველოს ორგანული კანონი „ნორმატიული აქტების შესახებ“,მუხლი 7,,2026-06-12,false,მხოლოდ მინისტრის ბრძანებებსა და მთავრობის განკარგულებებს,მხოლოდ მუნიციპალიტეტის წარმომადგენლობითი ორგანოს აქტებს,"კონსტიტუციას, კონსტიტუციურ კანონს, ორგანულ კანონს, დეკრეტს, კანონსა და რეგლამენტს",მხოლოდ საერთაშორისო ორგანიზაციის რეკომენდაციებს,C
administrative,normative-acts,"საქართველოს ორგანული კანონის „ნორმატიული აქტების შესახებ“ მიხედვით, რა სამართლებრივი ბუნება აქვს ადამიანის უფლებათა ევროპული სასამართლოს განმარტებებს?",hard,"სწორი პასუხია B, რადგან მუხლი 7¹ ადგენს ადამიანის უფლებათა ევროპული სასამართლოს განმარტებების სამართლებრივ ბუნებას ნორმატიული აქტების სისტემაში.",საქართველოს ორგანული კანონი „ნორმატიული აქტების შესახებ“,მუხლი 7¹,,2026-06-12,false,ისინი არის მუნიციპალიტეტის ინდივიდუალური აქტები,ისინი გამოიყენება კანონით განსაზღვრული სამართლებრივი მნიშვნელობით,ისინი ცვლის საქართველოს კონსტიტუციას პირდაპირ,ისინი არის კერძო ხელშეკრულების დანართი,B
administrative,normative-acts,"საქართველოს ორგანული კანონის „ნორმატიული აქტების შესახებ“ მიხედვით, რა საკითხი შეიძლება განისაზღვროს მხოლოდ საქართველოს საკანონმდებლო აქტით?",medium,"სწორი პასუხია D, რადგან მუხლი 8 ადგენს, რომ მხოლოდ საკანონმდებლო აქტით შეიძლება განისაზღვროს, მათ შორის, ძირითადი უფლებებისა და თავისუფლებების განხორციელებისა და დაცვის პირობები და იურიდიული პასუხისმგებლობის საკითხები.",საქართველოს ორგანული კანონი „ნორმატიული აქტების შესახებ“,მუხლი 8,,2026-06-12,false,მხოლოდ უწყების შიდა სამუშაო გრაფიკი,მხოლოდ კერძო კომპანიის წესდება,მხოლოდ საჯარო მოხელის შვებულების ინდივიდუალური ბრძანება,ძირითადი უფლებების დაცვის პირობები და იურიდიული პასუხისმგებლობის საკითხები,D
administrative,normative-acts,"საქართველოს ორგანული კანონის „ნორმატიული აქტების შესახებ“ მიხედვით, როდის შეიძლება მიღებულ იქნეს ერთობლივი ნორმატიული აქტი?",medium,"სწორი პასუხია A, რადგან მუხლი 9 ადგენს, რომ ერთობლივი ნორმატიული აქტი შეიძლება მიიღონ უფლებამოსილმა ორგანოებმა ან თანამდებობის პირებმა საკანონმდებლო აქტითა და მთავრობის ნორმატიული აქტით გათვალისწინებულ შემთხვევებში.",საქართველოს ორგანული კანონი „ნორმატიული აქტების შესახებ“,მუხლი 9,,2026-06-12,false,საკანონმდებლო აქტითა და მთავრობის ნორმატიული აქტით გათვალისწინებულ შემთხვევებში,"ყოველთვის, როცა კერძო პირები შეთანხმდებიან",მხოლოდ სასამართლოს გადაწყვეტილებით,მხოლოდ არაოფიციალური წერილობითი შეტყობინებით,A
administrative,normative-acts,"საქართველოს ორგანული კანონის „ნორმატიული აქტების შესახებ“ მიხედვით, რა იურიდიული ძალა აქვს საქართველოს კონსტიტუციას?",easy,"სწორი პასუხია B, რადგან მუხლი 10 ადგენს, რომ საქართველოს კონსტიტუცია სახელმწიფოს უზენაესი კანონია და უპირატესი იურიდიული ძალა აქვს სხვა სამართლებრივი აქტების მიმართ.",საქართველოს ორგანული კანონი „ნორმატიული აქტების შესახებ“,მუხლი 10,,2026-06-12,false,იგი არის მხოლოდ პოლიტიკური დეკლარაცია,იგი სახელმწიფოს უზენაესი კანონია,იგი უთანაბრდება მინისტრის ბრძანებას,იგი მოქმედებს მხოლოდ ერთი მუნიციპალიტეტის ფარგლებში,B
administrative,normative-acts,"საქართველოს ორგანული კანონის „ნორმატიული აქტების შესახებ“ მიხედვით, ვინ ამტკიცებს საქართველოს კონსტიტუციურ შეთანხმებას?",medium,"სწორი პასუხია C, რადგან მუხლი 10 ადგენს, რომ საქართველოს პარლამენტი ამტკიცებს კონსტიტუციურ შეთანხმებას, რომელსაც საქართველოს სამოციქულო ავტოკეფალურ მართლმადიდებელ ეკლესიასთან საქართველოს სახელით დებს პრეზიდენტი მთავრობის წინასწარი თანხმობით.",საქართველოს ორგანული კანონი „ნორმატიული აქტების შესახებ“,მუხლი 10,,2026-06-12,false,საქართველოს იუსტიციის მინისტრი,მუნიციპალიტეტის წარმომადგენლობითი ორგანო,საქართველოს პარლამენტი,საქართველოს საკანონმდებლო მაცნე,C
administrative,normative-acts,"საქართველოს ორგანული კანონის „ნორმატიული აქტების შესახებ“ მიხედვით, რა სახის აქტია საქართველოს პრეზიდენტის დეკრეტი?",medium,"სწორი პასუხია D, რადგან მუხლი 11 ადგენს, რომ საქართველოს პრეზიდენტის დეკრეტი არის ორგანული კანონის ძალის მქონე ნორმატიული აქტი, რომელიც გამოიცემა კონსტიტუციით გათვალისწინებულ შემთხვევებში.",საქართველოს ორგანული კანონი „ნორმატიული აქტების შესახებ“,მუხლი 11,,2026-06-12,false,მხოლოდ ინდივიდუალური შიდა ბრძანება,მუნიციპალიტეტის ადმინისტრაციული აქტი,სასამართლოს განჩინება,ორგანული კანონის ძალის მქონე ნორმატიული აქტი,D
administrative,normative-acts,"საქართველოს ორგანული კანონის „ნორმატიული აქტების შესახებ“ მიხედვით, რა საფუძველზე მიიღება საქართველოს მთავრობის დადგენილება?",easy,"სწორი პასუხია A, რადგან მუხლი 12 ადგენს, რომ მთავრობის დადგენილება მიიღება საქართველოს კონსტიტუციისა და კანონების საფუძველზე და მათ შესასრულებლად.",საქართველოს ორგანული კანონი „ნორმატიული აქტების შესახებ“,მუხლი 12,,2026-06-12,false,საქართველოს კონსტიტუციისა და კანონების საფუძველზე და მათ შესასრულებლად,მხოლოდ კერძო პირის თხოვნით,მხოლოდ სასამართლოს ზეპირი მითითებით,მხოლოდ მუნიციპალიტეტის შიდა რეგლამენტით,A
administrative,normative-acts,"საქართველოს ორგანული კანონის „ნორმატიული აქტების შესახებ“ მიხედვით, რა ფარგლებში შეიძლება გამოიცეს საქართველოს მინისტრის ბრძანება?",medium,"სწორი პასუხია B, რადგან მუხლი 13 ადგენს, რომ მინისტრის ბრძანება შეიძლება გამოიცეს მხოლოდ საკანონმდებლო აქტით, პრეზიდენტის ნორმატიული აქტითა და მთავრობის დადგენილებით განსაზღვრულ შემთხვევებსა და ფარგლებში.",საქართველოს ორგანული კანონი „ნორმატიული აქტების შესახებ“,მუხლი 13,,2026-06-12,false,ყოველგვარი სამართლებრივი საფუძვლის გარეშე,"საკანონმდებლო აქტით, პრეზიდენტის აქტითა და მთავრობის დადგენილებით განსაზღვრულ ფარგლებში",მხოლოდ კერძო ორგანიზაციის წესდებით,მხოლოდ საერთაშორისო ორგანიზაციის რეკომენდაციით,B
administrative,normative-acts,"საქართველოს ორგანული კანონის „ნორმატიული აქტების შესახებ“ მიხედვით, აქვთ თუ არა სამინისტროს სტრუქტურულ ერთეულებს ნორმატიული აქტის გამოცემის უფლება?",medium,"სწორი პასუხია C, რადგან მუხლი 13 ადგენს, რომ სამინისტროს სტრუქტურულ ერთეულებსა და მისი სისტემის დაწესებულებებს ნორმატიული აქტის გამოცემის უფლება არა აქვთ, გარდა კანონით გათვალისწინებული გამონაკლისებისა.",საქართველოს ორგანული კანონი „ნორმატიული აქტების შესახებ“,მუხლი 13,,2026-06-12,false,ყოველთვის აქვთ ასეთი უფლება,აქვთ მხოლოდ ზეპირი თანხმობით,"არ აქვთ, გარდა კანონით გათვალისწინებული გამონაკლისებისა",აქვთ მხოლოდ არასახელმწიფო ენაზე გამოქვეყნებისას,C
administrative,normative-acts,"საქართველოს ორგანული კანონის „ნორმატიული აქტების შესახებ“ მიხედვით, როგორ განისაზღვრება სხვა ნორმატიული აქტების მიღების უფლებამოსილება?",easy,"სწორი პასუხია D, რადგან მუხლი 14 ადგენს, რომ საქართველოს სხვა ნორმატიული აქტების მიღების ან გამოცემის უფლებამოსილება განისაზღვრება შესაბამისი საკანონმდებლო აქტებით.",საქართველოს ორგანული კანონი „ნორმატიული აქტების შესახებ“,მუხლი 14,,2026-06-12,false,მხოლოდ ადგილობრივი ჩვეულებით,მხოლოდ კერძო ხელშეკრულებით,მხოლოდ ადმინისტრაციული ორგანოს ზეპირი მითითებით,შესაბამისი საკანონმდებლო აქტებით,D
administrative,normative-acts,"საქართველოს ორგანული კანონის „ნორმატიული აქტების შესახებ“ მიხედვით, ვინ ამზადებს კანონის ან სხვა ნორმატიული აქტის პროექტს?",medium,"სწორი პასუხია A, რადგან მუხლი 15 ადგენს, რომ პროექტს ამზადებს საკანონმდებლო ინიციატივის ან პროექტის წარდგენის უფლების მქონე სუბიექტი ან თვით აქტის მიღების უფლებამოსილების მქონე ორგანო ან თანამდებობის პირი.",საქართველოს ორგანული კანონი „ნორმატიული აქტების შესახებ“,მუხლი 15,,2026-06-12,false,უფლების მქონე სუბიექტი ან აქტის მიღების უფლებამოსილი ორგანო,მხოლოდ კერძო აუდიტორი,მხოლოდ საერთაშორისო ორგანიზაცია,მხოლოდ საკონსტიტუციო სასამართლო,A
administrative,normative-acts,"საქართველოს ორგანული კანონის „ნორმატიული აქტების შესახებ“ მიხედვით, რა ნაწილებისგან შედგება ნორმატიული აქტი?",easy,"სწორი პასუხია B, რადგან მუხლი 16 ადგენს, რომ ნორმატიული აქტი შეიცავს ძირითად ნაწილსა და დასკვნით დებულებებს, ხოლო საჭიროების შემთხვევაში აგრეთვე გარდამავალ დებულებებს.",საქართველოს ორგანული კანონი „ნორმატიული აქტების შესახებ“,მუხლი 16,,2026-06-12,false,მხოლოდ პრეამბულისგან,"ძირითადი ნაწილისა და დასკვნითი დებულებებისგან, საჭიროებისას გარდამავალი დებულებებით",მხოლოდ განმარტებითი ბარათისგან,მხოლოდ ხელმოწერისა და ბეჭდისგან,B
administrative,normative-acts,"საქართველოს ორგანული კანონის „ნორმატიული აქტების შესახებ“ მიხედვით, რა რიგით უნდა განთავსდეს ზოგადი და სპეციალური ნორმები ნორმატიულ აქტში?",medium,"სწორი პასუხია C, რადგან მუხლი 16 ადგენს, რომ ნორმატიულ აქტში ზოგადი ნორმები უნდა უსწრებდეს სპეციალურ ნორმებს.",საქართველოს ორგანული კანონი „ნორმატიული აქტების შესახებ“,მუხლი 16,,2026-06-12,false,სპეციალური ნორმები ყოველთვის უნდა უსწრებდეს ზოგადს,რიგითობა არავითარ სამართლებრივ მნიშვნელობას არ ატარებს,ზოგადი ნორმები უნდა უსწრებდეს სპეციალურ ნორმებს,ყველა ნორმა მხოლოდ დანართში უნდა განთავსდეს,C
administrative,normative-acts,"საქართველოს ორგანული კანონის „ნორმატიული აქტების შესახებ“ მიხედვით, რა დოკუმენტი უნდა დაერთოს კანონპროექტს?",easy,"სწორი პასუხია D, რადგან მუხლი 17 ადგენს, რომ კანონპროექტს უნდა დაერთოს განმარტებითი ბარათი.",საქართველოს ორგანული კანონი „ნორმატიული აქტების შესახებ“,მუხლი 17,,2026-06-12,false,მხოლოდ კერძო რეკომენდაცია,მხოლოდ სასამართლოს გადაწყვეტილება,მხოლოდ არაოფიციალური თარგმანი,განმარტებითი ბარათი,D
administrative,normative-acts,"საქართველოს ორგანული კანონის „ნორმატიული აქტების შესახებ“ მიხედვით, რომელი რეკვიზიტი უნდა ჰქონდეს ნორმატიულ აქტს?",easy,"სწორი პასუხია A, რადგან მუხლი 18 ნორმატიული აქტის რეკვიზიტებს შორის ასახელებს აქტის სახეს, სათაურს, მიღების თარიღსა და ადგილს, ძალაში შესვლის თარიღს, ხელმოწერასა და სარეგისტრაციო ნომერს.",საქართველოს ორგანული კანონი „ნორმატიული აქტების შესახებ“,მუხლი 18,,2026-06-12,false,"აქტის სახე, სათაური, თარიღი, ხელმოწერა და სარეგისტრაციო ნომერი",მხოლოდ აქტის ფერი და შრიფტის ზომა,მხოლოდ ზეპირი დასახელება,მხოლოდ განმარტებითი ბარათის ავტორის სახელი,A
administrative,normative-acts,"საქართველოს ორგანული კანონის „ნორმატიული აქტების შესახებ“ მიხედვით, ვის გადაეცემა ნორმატიული აქტის პროექტი სამართლებრივი დასკვნისთვის, თუ კანონი გამონაკლისს არ ადგენს?",medium,"სწორი პასუხია B, რადგან მუხლი 19 ადგენს, რომ ნორმატიული აქტის პროექტი სამართლებრივი დასკვნისთვის გადაეცემა საქართველოს იუსტიციის სამინისტროს, გარდა კანონით მითითებული გამონაკლისებისა.",საქართველოს ორგანული კანონი „ნორმატიული აქტების შესახებ“,მუხლი 19,,2026-06-12,false,საქართველოს საკანონმდებლო მაცნეს,საქართველოს იუსტიციის სამინისტროს,მხოლოდ კერძო იურიდიულ კომპანიას,მხოლოდ მუნიციპალიტეტის მერს,B
administrative,normative-acts,"საქართველოს ორგანული კანონის „ნორმატიული აქტების შესახებ“ მიხედვით, რა ვადაში იძლევა იუსტიციის სამინისტრო დასკვნას კანონქვემდებარე ნორმატიული აქტის პროექტზე?",medium,"სწორი პასუხია C, რადგან მუხლი 19 ადგენს, რომ საქართველოს იუსტიციის სამინისტრო კანონქვემდებარე ნორმატიული აქტის პროექტზე დასკვნას იძლევა პროექტის მისთვის გადაცემიდან 10 დღის ვადაში.",საქართველოს ორგანული კანონი „ნორმატიული აქტების შესახებ“,მუხლი 19,,2026-06-12,false,3 დღის ვადაში,5 თვის ვადაში,10 დღის ვადაში,1 წლის ვადაში,C
administrative,normative-acts,"საქართველოს ორგანული კანონის „ნორმატიული აქტების შესახებ“ მიხედვით, რა ხდება იუსტიციის სამინისტროს დასაბუთებული უარყოფითი დასკვნის შემთხვევაში?",hard,"სწორი პასუხია D, რადგან მუხლი 19 ადგენს, რომ უარყოფითი დასკვნის შემთხვევაში პროექტის შესაბამისობა კანონმდებლობასთან უნდა იყოს უზრუნველყოფილი, რის შემდეგაც იგი საჭიროებს იუსტიციის სამინისტროს ხელახალ დასკვნას.",საქართველოს ორგანული კანონი „ნორმატიული აქტების შესახებ“,მუხლი 19,,2026-06-12,false,პროექტი ავტომატურად ოფიციალურად ქვეყნდება,უარყოფითი დასკვნა ითვლება ნორმატიულ აქტად,პროექტი აღარასოდეს შეიძლება განიხილონ,პროექტი უნდა შესაბამისობაში მოვიდეს და ხელახალ დასკვნას საჭიროებს,D
administrative,normative-acts,"საქართველოს ორგანული კანონის „ნორმატიული აქტების შესახებ“ მიხედვით, რა ითვლება საქართველოს საკანონმდებლო აქტის მიღების თარიღად?",medium,"სწორი პასუხია A, რადგან მუხლი 20 ადგენს, რომ საქართველოს საკანონმდებლო აქტის მიღების თარიღად ჩაითვლება პარლამენტის მიერ მისი საბოლოო რედაქციით მიღების დღე.",საქართველოს ორგანული კანონი „ნორმატიული აქტების შესახებ“,მუხლი 20,,2026-06-12,false,პარლამენტის მიერ საბოლოო რედაქციით მიღების დღე,იუსტიციის სამინისტროს დასკვნის გაცემის დღე,საქართველოს საკანონმდებლო მაცნეში გადაცემის დღე,პროექტის პირველი საჯარო განხილვის დღე,A
administrative,normative-acts,"საქართველოს ორგანული კანონის „ნორმატიული აქტების შესახებ“ მიხედვით, რა ფორმით შეიტანება ცვლილება ნორმატიულ აქტში?",medium,"სწორი პასუხია B, რადგან მუხლი 20 ადგენს, რომ ნორმატიულ აქტში ცვლილების შეტანა ხდება მხოლოდ იმავე სახის ნორმატიული აქტით.",საქართველოს ორგანული კანონი „ნორმატიული აქტების შესახებ“,მუხლი 20,,2026-06-12,false,ნებისმიერი ზეპირი მითითებით,მხოლოდ იმავე სახის ნორმატიული აქტით,მხოლოდ ინდივიდუალური ადმინისტრაციული აქტით,მხოლოდ კერძო შეთანხმებით,B
administrative,normative-acts,"საქართველოს ორგანული კანონის „ნორმატიული აქტების შესახებ“ მიხედვით, როგორ ამტკიცებს საქართველოს პარლამენტი აჭარის ავტონომიური რესპუბლიკის კონსტიტუციას?",hard,"სწორი პასუხია C, რადგან მუხლი 21 ადგენს, რომ აჭარის ავტონომიური რესპუბლიკის კონსტიტუციას საქართველოს პარლამენტი ამტკიცებს ორგანული კანონით, ერთი მოსმენით განხილვისა და მიღების გზით.",საქართველოს ორგანული კანონი „ნორმატიული აქტების შესახებ“,მუხლი 21,,2026-06-12,false,"მინისტრის ბრძანებით, ორი მოსმენით","მუნიციპალიტეტის დადგენილებით, ერთი მოსმენით","ორგანული კანონით, ერთი მოსმენით განხილვისა და მიღების გზით","საერთაშორისო ხელშეკრულებით, რეფერენდუმის გარეშე",C
administrative,normative-acts,"საქართველოს ორგანული კანონის „ნორმატიული აქტების შესახებ“ მიხედვით, როდის შედის ძალაში ნორმატიული აქტი, რომლის ძალაში შესვლა გამოქვეყნებას უკავშირდება?",easy,"სწორი პასუხია D, რადგან მუხლი 22 ადგენს, რომ ასეთი ნორმატიული აქტი ძალაში შედის მხოლოდ ამ კანონით დადგენილი წესით ოფიციალურად გამოქვეყნების შემდეგ.",საქართველოს ორგანული კანონი „ნორმატიული აქტების შესახებ“,მუხლი 22,,2026-06-12,false,პროექტის მომზადებისთანავე,ზეპირი შეთანხმებისთანავე,ხელმოწერამდე ერთი დღით ადრე,ოფიციალურად გამოქვეყნების შემდეგ,D
administrative,normative-acts,"საქართველოს ორგანული კანონის „ნორმატიული აქტების შესახებ“ მიხედვით, რას ნიშნავს ჩანაწერი, რომ ნორმატიული აქტი ძალაში შედის გამოქვეყნებისთანავე?",medium,"სწორი პასუხია A, რადგან მუხლი 22 განმარტავს, რომ გამოქვეყნებისთანავე ძალაში შესვლა ნიშნავს გამოქვეყნების დღეს, 24 საათზე ძალაში შესვლას.",საქართველოს ორგანული კანონი „ნორმატიული აქტების შესახებ“,მუხლი 22,,2026-06-12,false,"გამოქვეყნების დღეს, 24 საათზე ძალაში შესვლას",გამოქვეყნებიდან ზუსტად ერთი წლის შემდეგ ძალაში შესვლას,პროექტის რეგისტრაციისთანავე ძალაში შესვლას,მხოლოდ სასამართლოს დადასტურების შემდეგ ძალაში შესვლას,A
administrative,normative-acts,"საქართველოს ორგანული კანონის „ნორმატიული აქტების შესახებ“ მიხედვით, როდის შედის ძალაში საქართველოს საკანონმდებლო აქტი, თუ თავად აქტით სხვა ვადა არ არის დადგენილი?",medium,"სწორი პასუხია B, რადგან მუხლი 23 ადგენს, რომ საქართველოს საკანონმდებლო აქტი ძალაში შედის ოფიციალურად გამოქვეყნებიდან მე-15 დღეს, თუ თვით აქტით სხვა ვადა არ არის დადგენილი.",საქართველოს ორგანული კანონი „ნორმატიული აქტების შესახებ“,მუხლი 23,,2026-06-12,false,ოფიციალურად გამოქვეყნების წინა დღეს,ოფიციალურად გამოქვეყნებიდან მე-15 დღეს,პროექტის ინიციირების დღეს,იუსტიციის სამინისტროს დასკვნის დღეს,B
administrative,normative-acts,"საქართველოს ორგანული კანონის „ნორმატიული აქტების შესახებ“ მიხედვით, როდის შედის ძალაში საქართველოს პრეზიდენტის დეკრეტი?",easy,"სწორი პასუხია C, რადგან მუხლი 23 ადგენს, რომ საქართველოს პრეზიდენტის დეკრეტი ძალაში შედის გამოცემის მომენტიდან.",საქართველოს ორგანული კანონი „ნორმატიული აქტების შესახებ“,მუხლი 23,,2026-06-12,false,ოფიციალურად გამოქვეყნებიდან მე-15 დღეს,მხოლოდ საკანონმდებლო მაცნეში რეგისტრაციის შემდეგ,გამოცემის მომენტიდან,მხოლოდ მომდევნო წლის 1 იანვრიდან,C
administrative,normative-acts,"საქართველოს ორგანული კანონის „ნორმატიული აქტების შესახებ“ მიხედვით, როდის აქვს ნორმატიულ აქტს უკუძალა?",easy,"სწორი პასუხია D, რადგან მუხლი 24 ადგენს, რომ ნორმატიულ აქტს უკუძალა აქვს მხოლოდ იმ შემთხვევაში, თუ ეს პირდაპირ არის დადგენილი ამ ნორმატიული აქტით.",საქართველოს ორგანული კანონი „ნორმატიული აქტების შესახებ“,მუხლი 24,,2026-06-12,false,"ყოველთვის, თუ აქტის გამომცემს სურს","ყოველთვის, როცა აქტი კანონქვემდებარეა","არასოდეს, არც პირდაპირი მითითებით","მხოლოდ მაშინ, თუ ეს პირდაპირ არის დადგენილი აქტით",D
administrative,normative-acts,"საქართველოს ორგანული კანონის „ნორმატიული აქტების შესახებ“ მიხედვით, აქვს თუ არა უკუძალა ნორმატიულ აქტს, რომელიც ადგენს ან ამძიმებს პასუხისმგებლობას?",easy,"სწორი პასუხია A, რადგან მუხლი 24 ადგენს, რომ ნორმატიულ აქტს, რომელიც ადგენს ან ამძიმებს პასუხისმგებლობას, უკუძალა არა აქვს.",საქართველოს ორგანული კანონი „ნორმატიული აქტების შესახებ“,მუხლი 24,,2026-06-12,false,უკუძალა არა აქვს,უკუძალა ყოველთვის აქვს,უკუძალა აქვს მხოლოდ მუნიციპალიტეტში,უკუძალა აქვს მხოლოდ კერძო ურთიერთობაში,A
administrative,normative-acts,"საქართველოს ორგანული კანონის „ნორმატიული აქტების შესახებ“ მიხედვით, რა შემთხვევაში კარგავს ძალას ნორმატიული აქტი ან მისი ნაწილი?",medium,"სწორი პასუხია B, რადგან მუხლი 25 ადგენს, რომ ნორმატიული აქტი ძალას კარგავს, თუ გავიდა მისი ვადა, მიღებულია მისი ძალადაკარგულად გამოცხადების აქტი ან უფლებამოსილი ორგანოს გადაწყვეტილება იწვევს ძალის დაკარგვას.",საქართველოს ორგანული კანონი „ნორმატიული აქტების შესახებ“,მუხლი 25,,2026-06-12,false,მხოლოდ როცა მოქალაქე წერილობით მოითხოვს,ვადის გასვლისას ან მისი ძალადაკარგულად გამოცხადებისას,მხოლოდ მისი ტექსტის თარგმნისას,მხოლოდ მედიაში კრიტიკის გამოქვეყნებისას,B
administrative,normative-acts,"საქართველოს ორგანული კანონის „ნორმატიული აქტების შესახებ“ მიხედვით, შეიძლება თუ არა ქვემდგომი აქტით უპირატესი იურიდიული ძალის მქონე აქტის ძალადაკარგულად გამოცხადება?",medium,"სწორი პასუხია C, რადგან მუხლი 25 ადგენს, რომ არ შეიძლება რომელიმე ნორმატიული აქტით უპირატესი იურიდიული ძალის მქონე ნორმატიული აქტის ძალადაკარგულად გამოცხადება.",საქართველოს ორგანული კანონი „ნორმატიული აქტების შესახებ“,მუხლი 25,,2026-06-12,false,შეიძლება ყოველთვის,შეიძლება მხოლოდ ადგილობრივი მნიშვნელობის საკითხებზე,არ შეიძლება,შეიძლება მხოლოდ განმარტებითი ბარათით,C
administrative,normative-acts,"საქართველოს ორგანული კანონის „ნორმატიული აქტების შესახებ“ მიხედვით, რა ითვლება ნორმატიული აქტის ოფიციალურ გამოქვეყნებად?",easy,"სწორი პასუხია D, რადგან მუხლი 26 ადგენს, რომ ნორმატიული აქტის ოფიციალურ გამოქვეყნებად ითვლება მისი სრული ტექსტის „საქართველოს საკანონმდებლო მაცნეს“ ვებგვერდზე პირველად გამოქვეყნება.",საქართველოს ორგანული კანონი „ნორმატიული აქტების შესახებ“,მუხლი 26,,2026-06-12,false,აქტის ტექსტის სოციალურ ქსელში განთავსება,აქტის ზეპირი გამოცხადება შეხვედრაზე,პროექტის არასახელმწიფო ენაზე გავრცელება,სრული ტექსტის „საქართველოს საკანონმდებლო მაცნეს“ ვებგვერდზე პირველად გამოქვეყნება,D
administrative,normative-acts,"საქართველოს ორგანული კანონის „ნორმატიული აქტების შესახებ“ მიხედვით, შეიძლება თუ არა გამოუქვეყნებელი დარჩეს ნორმატიული აქტი, რომელიც ზღუდავს უფლებებს ან ადგენს იურიდიულ პასუხისმგებლობას?",medium,"სწორი პასუხია A, რადგან მუხლი 26 ადგენს, რომ დაუშვებელია იმ ნორმატიული აქტის ან მისი ნაწილის გამოუქვეყნებლობა, რომელიც ზღუდავს უფლებებსა და თავისუფლებებს ან ადგენს იურიდიულ პასუხისმგებლობას.",საქართველოს ორგანული კანონი „ნორმატიული აქტების შესახებ“,მუხლი 26,,2026-06-12,false,არ შეიძლება მისი გამოუქვეყნებლობა,შეიძლება ყოველთვის,შეიძლება მხოლოდ შიდა წერილით,შეიძლება მხოლოდ არასახელმწიფო ენაზე,A
administrative,normative-acts,"საქართველოს ორგანული კანონის „ნორმატიული აქტების შესახებ“ მიხედვით, რა ვადაში უნდა გადაეცეს ნორმატიული აქტი „საქართველოს საკანონმდებლო მაცნეს“ იუსტიციის სამინისტროს სამართლებრივი დასკვნის შემდეგ, თუ გამონაკლისი არ მოქმედებს?",medium,"სწორი პასუხია B, რადგან მუხლი 27 ადგენს, რომ საქართველოს ნორმატიული აქტი სამართლებრივი დასკვნის გაცემიდან 10 დღის ვადაში უნდა გადაეცეს „საქართველოს საკანონმდებლო მაცნეს“ გამოსაქვეყნებლად.",საქართველოს ორგანული კანონი „ნორმატიული აქტების შესახებ“,მუხლი 27,,2026-06-12,false,2 თვის ვადაში,10 დღის ვადაში,1 წლის ვადაში,30 სამუშაო დღის ვადაში,B
administrative,normative-acts,"საქართველოს ორგანული კანონის „ნორმატიული აქტების შესახებ“ მიხედვით, რა ვადაში უნდა გაეგზავნოს მუნიციპალიტეტის წარმომადგენლობითი ორგანოს ნორმატიული აქტი „საქართველოს საკანონმდებლო მაცნეს“?",medium,"სწორი პასუხია C, რადგან მუხლი 27 ადგენს, რომ მუნიციპალიტეტის წარმომადგენლობითი ორგანოს ნორმატიული აქტი უნდა გაეგზავნოს „საქართველოს საკანონმდებლო მაცნეს“ მისი მიღებიდან არაუგვიანეს მე-5 დღისა.",საქართველოს ორგანული კანონი „ნორმატიული აქტების შესახებ“,მუხლი 27,,2026-06-12,false,მისი მიღებიდან მე-20 დღეს,მისი მიღებიდან 1 წლის შემდეგ,მისი მიღებიდან არაუგვიანეს მე-5 დღისა,მხოლოდ მომდევნო საბიუჯეტო წელს,C
administrative,normative-acts,"საქართველოს ორგანული კანონის „ნორმატიული აქტების შესახებ“ მიხედვით, როდის უნდა ითქვას უარი ნორმატიული აქტის გამოქვეყნებაზე?",hard,"სწორი პასუხია D, რადგან მუხლი 28 ადგენს გამოქვეყნებაზე უარის საფუძვლებს, მათ შორის დადებითი დასკვნის არქონას ან დასკვნაგაცემული პროექტისგან შინაარსობრივ განსხვავებას, აგრეთვე მითითებული მოთხოვნების დარღვევას.",საქართველოს ორგანული კანონი „ნორმატიული აქტების შესახებ“,მუხლი 28,,2026-06-12,false,როცა აქტს ოფიციალური ტექსტი აქვს,როცა აქტი ქართულ ენაზეა მომზადებული,როცა აქტი ყველა რეკვიზიტს შეიცავს,როცა არ ახლავს საჭირო დადებითი დასკვნა ან დარღვეულია კანონით მოთხოვნილი პირობები,D
administrative,normative-acts,"საქართველოს ორგანული კანონის „ნორმატიული აქტების შესახებ“ მიხედვით, არის თუ არა ნორმატიული აქტის გამოქვეყნებაზე უარი ადმინისტრაციულ-სამართლებრივი აქტი?",medium,"სწორი პასუხია A, რადგან მუხლი 28 ადგენს, რომ გამოქვეყნებაზე უარი არ არის ადმინისტრაციულ-სამართლებრივი აქტი და მის მიმართ არ გამოიყენება ზოგადი ადმინისტრაციული კოდექსით გათვალისწინებული ადმინისტრაციული წარმოება.",საქართველოს ორგანული კანონი „ნორმატიული აქტების შესახებ“,მუხლი 28,,2026-06-12,false,არ არის ადმინისტრაციულ-სამართლებრივი აქტი,ყოველთვის არის ინდივიდუალური ადმინისტრაციული აქტი,ყოველთვის არის ნორმატიული აქტი,არის მხოლოდ მუნიციპალიტეტის დადგენილება,A
administrative,normative-acts,"საქართველოს ორგანული კანონის „ნორმატიული აქტების შესახებ“ მიხედვით, რა ორგანოა „საქართველოს საკანონმდებლო მაცნე“?",easy,"სწორი პასუხია B, რადგან მუხლი 29 ადგენს, რომ „საქართველოს საკანონმდებლო მაცნე“ არის საქართველოს იუსტიციის სამინისტროს მმართველობის სფეროში მოქმედი საჯარო სამართლის იურიდიული პირი.",საქართველოს ორგანული კანონი „ნორმატიული აქტების შესახებ“,მუხლი 29,,2026-06-12,false,კერძო სააქციო საზოგადოება,იუსტიციის სამინისტროს მმართველობის სფეროში მოქმედი საჯარო სამართლის იურიდიული პირი,საერთაშორისო სასამართლო,მუნიციპალიტეტის კომერციული საწარმო,B
administrative,normative-acts,"საქართველოს ორგანული კანონის „ნორმატიული აქტების შესახებ“ მიხედვით, რა ფორმით წარმოებს სახელმწიფო რეესტრი, გარდა „საიდუმლო“ ნაწილისა?",medium,"სწორი პასუხია C, რადგან მუხლი 29 ადგენს, რომ სახელმწიფო რეესტრი, გარდა „საიდუმლო“ ნაწილისა, წარმოებს ელექტრონული ფორმით „საქართველოს საკანონმდებლო მაცნეს“ ვებგვერდზე.",საქართველოს ორგანული კანონი „ნორმატიული აქტების შესახებ“,მუხლი 29,,2026-06-12,false,მხოლოდ ქაღალდის არქივში,მხოლოდ ზეპირი ჩანაწერით,ელექტრონული ფორმით „საქართველოს საკანონმდებლო მაცნეს“ ვებგვერდზე,მხოლოდ კერძო მონაცემთა ბაზაში,C
administrative,normative-acts,"საქართველოს ორგანული კანონის „ნორმატიული აქტების შესახებ“ მიხედვით, რა იურიდიული ძალა აქვს 1997 წლის 1 თებერვლამდე მიღებულ კანონქვემდებარე ნორმატიულ აქტს, თუ იგი არ არის რეგისტრირებული სახელმწიფო რეესტრში?",hard,"სწორი პასუხია D, რადგან მუხლი 30 ადგენს, რომ 1997 წლის 1 თებერვლამდე მიღებულ კანონქვემდებარე ნორმატიულ აქტს, რომელიც არ არის რეგისტრირებული სახელმწიფო რეესტრში, იურიდიული ძალა არა აქვს.",საქართველოს ორგანული კანონი „ნორმატიული აქტების შესახებ“,მუხლი 30,,2026-06-12,false,იგი ყოველთვის ძალაშია უვადოდ,იგი ავტომატურად კონსტიტუციურ კანონად ითვლება,იგი მოქმედებს მხოლოდ საერთაშორისო ურთიერთობებში,იურიდიული ძალა არა აქვს,D
administrative,normative-acts,"საქართველოს ორგანული კანონის „ნორმატიული აქტების შესახებ“ მიხედვით, რა მონაცემები უნდა მიეთითოს 2011 წლის 1 იანვრამდე გამოქვეყნებულ ნორმატიულ აქტში ცვლილების შეტანის პროექტში?",hard,"სწორი პასუხია A, რადგან მუხლი 32¹ ადგენს, რომ ასეთ პროექტში უნდა მიეთითოს ნორმატიული აქტის სათაური, ოფიციალური გამოქვეყნების ორგანოს სახელწოდება, გამოქვეყნების თარიღი, აგრეთვე მუხლი და გვერდი მათი არსებობის შემთხვევაში.",საქართველოს ორგანული კანონი „ნორმატიული აქტების შესახებ“,მუხლი 32¹,,2026-06-12,false,"აქტის სათაური, ოფიციალური გამოქვეყნების ორგანო, თარიღი, მუხლი და გვერდი",მხოლოდ ავტორის პირადი ნომერი,მხოლოდ განმარტებითი ბარათის მოცულობა,მხოლოდ აქტის ტექსტის ფერი და შრიფტი,A
administrative,normative-acts,"საქართველოს ორგანული კანონის „ნორმატიული აქტების შესახებ“ მიხედვით, რომელი კანონი გამოცხადდა ძალადაკარგულად ამ კანონის ამოქმედებასთან დაკავშირებით?",medium,"სწორი პასუხია B, რადგან მუხლი 33 ადგენს, რომ ძალადაკარგულად იქნეს ცნობილი „ნორმატიული აქტების შესახებ“ საქართველოს კანონი.",საქართველოს ორგანული კანონი „ნორმატიული აქტების შესახებ“,მუხლი 33,,2026-06-12,false,„საქართველოს მოქალაქეობის შესახებ“ საქართველოს კანონი,„ნორმატიული აქტების შესახებ“ საქართველოს კანონი,„საჯარო სამსახურის შესახებ“ საქართველოს კანონი,„ადგილობრივი თვითმმართველობის შესახებ“ საქართველოს კანონი,B
